login,id,node_id,avatar_url,url,html_url,followers_url,following_url,gists_url,starred_url,subscriptions_url,organizations_url,repos_url,events_url,received_events_url,type,site_admin,contributions
delovoyhomie,92427892,U_kgDOBYJWdA,https://avatars.githubusercontent.com/u/92427892?v=4,https://api.github.com/users/delovoyhomie,https://github.com/delovoyhomie,https://api.github.com/users/delovoyhomie/followers,https://api.github.com/users/delovoyhomie/following{/other_user},https://api.github.com/users/delovoyhomie/gists{/gist_id},https://api.github.com/users/delovoyhomie/starred{/owner}{/repo},https://api.github.com/users/delovoyhomie/subscriptions,https://api.github.com/users/delovoyhomie/orgs,https://api.github.com/users/delovoyhomie/repos,https://api.github.com/users/delovoyhomie/events{/privacy},https://api.github.com/users/delovoyhomie/received_events,User,False,64
Hiyorimi,3055666,MDQ6VXNlcjMwNTU2NjY=,https://avatars.githubusercontent.com/u/3055666?v=4,https://api.github.com/users/Hiyorimi,https://github.com/Hiyorimi,https://api.github.com/users/Hiyorimi/followers,https://api.github.com/users/Hiyorimi/following{/other_user},https://api.github.com/users/Hiyorimi/gists{/gist_id},https://api.github.com/users/Hiyorimi/starred{/owner}{/repo},https://api.github.com/users/Hiyorimi/subscriptions,https://api.github.com/users/Hiyorimi/orgs,https://api.github.com/users/Hiyorimi/repos,https://api.github.com/users/Hiyorimi/events{/privacy},https://api.github.com/users/Hiyorimi/received_events,User,False,52
Gusarich,42098239,MDQ6VXNlcjQyMDk4MjM5,https://avatars.githubusercontent.com/u/42098239?v=4,https://api.github.com/users/Gusarich,https://github.com/Gusarich,https://api.github.com/users/Gusarich/followers,https://api.github.com/users/Gusarich/following{/other_user},https://api.github.com/users/Gusarich/gists{/gist_id},https://api.github.com/users/Gusarich/starred{/owner}{/repo},https://api.github.com/users/Gusarich/subscriptions,https://api.github.com/users/Gusarich/orgs,https://api.github.com/users/Gusarich/repos,https://api.github.com/users/Gusarich/events{/privacy},https://api.github.com/users/Gusarich/received_events,User,False,36
tsivarev,1080768,MDQ6VXNlcjEwODA3Njg=,https://avatars.githubusercontent.com/u/1080768?v=4,https://api.github.com/users/tsivarev,https://github.com/tsivarev,https://api.github.com/users/tsivarev/followers,https://api.github.com/users/tsivarev/following{/other_user},https://api.github.com/users/tsivarev/gists{/gist_id},https://api.github.com/users/tsivarev/starred{/owner}{/repo},https://api.github.com/users/tsivarev/subscriptions,https://api.github.com/users/tsivarev/orgs,https://api.github.com/users/tsivarev/repos,https://api.github.com/users/tsivarev/events{/privacy},https://api.github.com/users/tsivarev/received_events,User,False,16
sobolevn,4660275,MDQ6VXNlcjQ2NjAyNzU=,https://avatars.githubusercontent.com/u/4660275?v=4,https://api.github.com/users/sobolevn,https://github.com/sobolevn,https://api.github.com/users/sobolevn/followers,https://api.github.com/users/sobolevn/following{/other_user},https://api.github.com/users/sobolevn/gists{/gist_id},https://api.github.com/users/sobolevn/starred{/owner}{/repo},https://api.github.com/users/sobolevn/subscriptions,https://api.github.com/users/sobolevn/orgs,https://api.github.com/users/sobolevn/repos,https://api.github.com/users/sobolevn/events{/privacy},https://api.github.com/users/sobolevn/received_events,User,False,7
xssnick,9332353,MDQ6VXNlcjkzMzIzNTM=,https://avatars.githubusercontent.com/u/9332353?v=4,https://api.github.com/users/xssnick,https://github.com/xssnick,https://api.github.com/users/xssnick/followers,https://api.github.com/users/xssnick/following{/other_user},https://api.github.com/users/xssnick/gists{/gist_id},https://api.github.com/users/xssnick/starred{/owner}{/repo},https://api.github.com/users/xssnick/subscriptions,https://api.github.com/users/xssnick/orgs,https://api.github.com/users/xssnick/repos,https://api.github.com/users/xssnick/events{/privacy},https://api.github.com/users/xssnick/received_events,User,False,5
ProgramCrafter,82749242,MDQ6VXNlcjgyNzQ5MjQy,https://avatars.githubusercontent.com/u/82749242?v=4,https://api.github.com/users/ProgramCrafter,https://github.com/ProgramCrafter,https://api.github.com/users/ProgramCrafter/followers,https://api.github.com/users/ProgramCrafter/following{/other_user},https://api.github.com/users/ProgramCrafter/gists{/gist_id},https://api.github.com/users/ProgramCrafter/starred{/owner}{/repo},https://api.github.com/users/ProgramCrafter/subscriptions,https://api.github.com/users/ProgramCrafter/orgs,https://api.github.com/users/ProgramCrafter/repos,https://api.github.com/users/ProgramCrafter/events{/privacy},https://api.github.com/users/ProgramCrafter/received_events,User,False,4
dvlkv,16834309,MDQ6VXNlcjE2ODM0MzA5,https://avatars.githubusercontent.com/u/16834309?v=4,https://api.github.com/users/dvlkv,https://github.com/dvlkv,https://api.github.com/users/dvlkv/followers,https://api.github.com/users/dvlkv/following{/other_user},https://api.github.com/users/dvlkv/gists{/gist_id},https://api.github.com/users/dvlkv/starred{/owner}{/repo},https://api.github.com/users/dvlkv/subscriptions,https://api.github.com/users/dvlkv/orgs,https://api.github.com/users/dvlkv/repos,https://api.github.com/users/dvlkv/events{/privacy},https://api.github.com/users/dvlkv/received_events,User,False,4
menschee,104896330,U_kgDOBkCXSg,https://avatars.githubusercontent.com/u/104896330?v=4,https://api.github.com/users/menschee,https://github.com/menschee,https://api.github.com/users/menschee/followers,https://api.github.com/users/menschee/following{/other_user},https://api.github.com/users/menschee/gists{/gist_id},https://api.github.com/users/menschee/starred{/owner}{/repo},https://api.github.com/users/menschee/subscriptions,https://api.github.com/users/menschee/orgs,https://api.github.com/users/menschee/repos,https://api.github.com/users/menschee/events{/privacy},https://api.github.com/users/menschee/received_events,User,False,3
KuznetsovNikita,22742808,MDQ6VXNlcjIyNzQyODA4,https://avatars.githubusercontent.com/u/22742808?v=4,https://api.github.com/users/KuznetsovNikita,https://github.com/KuznetsovNikita,https://api.github.com/users/KuznetsovNikita/followers,https://api.github.com/users/KuznetsovNikita/following{/other_user},https://api.github.com/users/KuznetsovNikita/gists{/gist_id},https://api.github.com/users/KuznetsovNikita/starred{/owner}{/repo},https://api.github.com/users/KuznetsovNikita/subscriptions,https://api.github.com/users/KuznetsovNikita/orgs,https://api.github.com/users/KuznetsovNikita/repos,https://api.github.com/users/KuznetsovNikita/events{/privacy},https://api.github.com/users/KuznetsovNikita/received_events,User,False,3
PolyProgrammist,17502570,MDQ6VXNlcjE3NTAyNTcw,https://avatars.githubusercontent.com/u/17502570?v=4,https://api.github.com/users/PolyProgrammist,https://github.com/PolyProgrammist,https://api.github.com/users/PolyProgrammist/followers,https://api.github.com/users/PolyProgrammist/following{/other_user},https://api.github.com/users/PolyProgrammist/gists{/gist_id},https://api.github.com/users/PolyProgrammist/starred{/owner}{/repo},https://api.github.com/users/PolyProgrammist/subscriptions,https://api.github.com/users/PolyProgrammist/orgs,https://api.github.com/users/PolyProgrammist/repos,https://api.github.com/users/PolyProgrammist/events{/privacy},https://api.github.com/users/PolyProgrammist/received_events,User,False,3
thekiba,1910515,MDQ6VXNlcjE5MTA1MTU=,https://avatars.githubusercontent.com/u/1910515?v=4,https://api.github.com/users/thekiba,https://github.com/thekiba,https://api.github.com/users/thekiba/followers,https://api.github.com/users/thekiba/following{/other_user},https://api.github.com/users/thekiba/gists{/gist_id},https://api.github.com/users/thekiba/starred{/owner}{/repo},https://api.github.com/users/thekiba/subscriptions,https://api.github.com/users/thekiba/orgs,https://api.github.com/users/thekiba/repos,https://api.github.com/users/thekiba/events{/privacy},https://api.github.com/users/thekiba/received_events,User,False,2
coalus,77019649,MDQ6VXNlcjc3MDE5NjQ5,https://avatars.githubusercontent.com/u/77019649?v=4,https://api.github.com/users/coalus,https://github.com/coalus,https://api.github.com/users/coalus/followers,https://api.github.com/users/coalus/following{/other_user},https://api.github.com/users/coalus/gists{/gist_id},https://api.github.com/users/coalus/starred{/owner}{/repo},https://api.github.com/users/coalus/subscriptions,https://api.github.com/users/coalus/orgs,https://api.github.com/users/coalus/repos,https://api.github.com/users/coalus/events{/privacy},https://api.github.com/users/coalus/received_events,User,False,2
LevZed,20744932,MDQ6VXNlcjIwNzQ0OTMy,https://avatars.githubusercontent.com/u/20744932?v=4,https://api.github.com/users/LevZed,https://github.com/LevZed,https://api.github.com/users/LevZed/followers,https://api.github.com/users/LevZed/following{/other_user},https://api.github.com/users/LevZed/gists{/gist_id},https://api.github.com/users/LevZed/starred{/owner}{/repo},https://api.github.com/users/LevZed/subscriptions,https://api.github.com/users/LevZed/orgs,https://api.github.com/users/LevZed/repos,https://api.github.com/users/LevZed/events{/privacy},https://api.github.com/users/LevZed/received_events,User,False,2
omahs,73983677,MDQ6VXNlcjczOTgzNjc3,https://avatars.githubusercontent.com/u/73983677?v=4,https://api.github.com/users/omahs,https://github.com/omahs,https://api.github.com/users/omahs/followers,https://api.github.com/users/omahs/following{/other_user},https://api.github.com/users/omahs/gists{/gist_id},https://api.github.com/users/omahs/starred{/owner}{/repo},https://api.github.com/users/omahs/subscriptions,https://api.github.com/users/omahs/orgs,https://api.github.com/users/omahs/repos,https://api.github.com/users/omahs/events{/privacy},https://api.github.com/users/omahs/received_events,User,False,2
AndreyBurnosov,95130588,U_kgDOBauT3A,https://avatars.githubusercontent.com/u/95130588?v=4,https://api.github.com/users/AndreyBurnosov,https://github.com/AndreyBurnosov,https://api.github.com/users/AndreyBurnosov/followers,https://api.github.com/users/AndreyBurnosov/following{/other_user},https://api.github.com/users/AndreyBurnosov/gists{/gist_id},https://api.github.com/users/AndreyBurnosov/starred{/owner}{/repo},https://api.github.com/users/AndreyBurnosov/subscriptions,https://api.github.com/users/AndreyBurnosov/orgs,https://api.github.com/users/AndreyBurnosov/repos,https://api.github.com/users/AndreyBurnosov/events{/privacy},https://api.github.com/users/AndreyBurnosov/received_events,User,False,2
aSpite,45543119,MDQ6VXNlcjQ1NTQzMTE5,https://avatars.githubusercontent.com/u/45543119?v=4,https://api.github.com/users/aSpite,https://github.com/aSpite,https://api.github.com/users/aSpite/followers,https://api.github.com/users/aSpite/following{/other_user},https://api.github.com/users/aSpite/gists{/gist_id},https://api.github.com/users/aSpite/starred{/owner}{/repo},https://api.github.com/users/aSpite/subscriptions,https://api.github.com/users/aSpite/orgs,https://api.github.com/users/aSpite/repos,https://api.github.com/users/aSpite/events{/privacy},https://api.github.com/users/aSpite/received_events,User,False,2
aplotvinov,107854825,U_kgDOBm276Q,https://avatars.githubusercontent.com/u/107854825?v=4,https://api.github.com/users/aplotvinov,https://github.com/aplotvinov,https://api.github.com/users/aplotvinov/followers,https://api.github.com/users/aplotvinov/following{/other_user},https://api.github.com/users/aplotvinov/gists{/gist_id},https://api.github.com/users/aplotvinov/starred{/owner}{/repo},https://api.github.com/users/aplotvinov/subscriptions,https://api.github.com/users/aplotvinov/orgs,https://api.github.com/users/aplotvinov/repos,https://api.github.com/users/aplotvinov/events{/privacy},https://api.github.com/users/aplotvinov/received_events,User,False,1
reveloper,39581753,MDQ6VXNlcjM5NTgxNzUz,https://avatars.githubusercontent.com/u/39581753?v=4,https://api.github.com/users/reveloper,https://github.com/reveloper,https://api.github.com/users/reveloper/followers,https://api.github.com/users/reveloper/following{/other_user},https://api.github.com/users/reveloper/gists{/gist_id},https://api.github.com/users/reveloper/starred{/owner}{/repo},https://api.github.com/users/reveloper/subscriptions,https://api.github.com/users/reveloper/orgs,https://api.github.com/users/reveloper/repos,https://api.github.com/users/reveloper/events{/privacy},https://api.github.com/users/reveloper/received_events,User,False,1
sorokin0andrey,3092044,MDQ6VXNlcjMwOTIwNDQ=,https://avatars.githubusercontent.com/u/3092044?v=4,https://api.github.com/users/sorokin0andrey,https://github.com/sorokin0andrey,https://api.github.com/users/sorokin0andrey/followers,https://api.github.com/users/sorokin0andrey/following{/other_user},https://api.github.com/users/sorokin0andrey/gists{/gist_id},https://api.github.com/users/sorokin0andrey/starred{/owner}{/repo},https://api.github.com/users/sorokin0andrey/subscriptions,https://api.github.com/users/sorokin0andrey/orgs,https://api.github.com/users/sorokin0andrey/repos,https://api.github.com/users/sorokin0andrey/events{/privacy},https://api.github.com/users/sorokin0andrey/received_events,User,False,1
tonkongz,108379804,U_kgDOBnW-nA,https://avatars.githubusercontent.com/u/108379804?v=4,https://api.github.com/users/tonkongz,https://github.com/tonkongz,https://api.github.com/users/tonkongz/followers,https://api.github.com/users/tonkongz/following{/other_user},https://api.github.com/users/tonkongz/gists{/gist_id},https://api.github.com/users/tonkongz/starred{/owner}{/repo},https://api.github.com/users/tonkongz/subscriptions,https://api.github.com/users/tonkongz/orgs,https://api.github.com/users/tonkongz/repos,https://api.github.com/users/tonkongz/events{/privacy},https://api.github.com/users/tonkongz/received_events,User,False,1
markokhman,5987968,MDQ6VXNlcjU5ODc5Njg=,https://avatars.githubusercontent.com/u/5987968?v=4,https://api.github.com/users/markokhman,https://github.com/markokhman,https://api.github.com/users/markokhman/followers,https://api.github.com/users/markokhman/following{/other_user},https://api.github.com/users/markokhman/gists{/gist_id},https://api.github.com/users/markokhman/starred{/owner}{/repo},https://api.github.com/users/markokhman/subscriptions,https://api.github.com/users/markokhman/orgs,https://api.github.com/users/markokhman/repos,https://api.github.com/users/markokhman/events{/privacy},https://api.github.com/users/markokhman/received_events,User,False,1
Miandic,65562603,MDQ6VXNlcjY1NTYyNjAz,https://avatars.githubusercontent.com/u/65562603?v=4,https://api.github.com/users/Miandic,https://github.com/Miandic,https://api.github.com/users/Miandic/followers,https://api.github.com/users/Miandic/following{/other_user},https://api.github.com/users/Miandic/gists{/gist_id},https://api.github.com/users/Miandic/starred{/owner}{/repo},https://api.github.com/users/Miandic/subscriptions,https://api.github.com/users/Miandic/orgs,https://api.github.com/users/Miandic/repos,https://api.github.com/users/Miandic/events{/privacy},https://api.github.com/users/Miandic/received_events,User,False,1
miroslav-tashonov,3856771,MDQ6VXNlcjM4NTY3NzE=,https://avatars.githubusercontent.com/u/3856771?v=4,https://api.github.com/users/miroslav-tashonov,https://github.com/miroslav-tashonov,https://api.github.com/users/miroslav-tashonov/followers,https://api.github.com/users/miroslav-tashonov/following{/other_user},https://api.github.com/users/miroslav-tashonov/gists{/gist_id},https://api.github.com/users/miroslav-tashonov/starred{/owner}{/repo},https://api.github.com/users/miroslav-tashonov/subscriptions,https://api.github.com/users/miroslav-tashonov/orgs,https://api.github.com/users/miroslav-tashonov/repos,https://api.github.com/users/miroslav-tashonov/events{/privacy},https://api.github.com/users/miroslav-tashonov/received_events,User,False,1
NewKamen,119523103,U_kgDOBx_HHw,https://avatars.githubusercontent.com/u/119523103?v=4,https://api.github.com/users/NewKamen,https://github.com/NewKamen,https://api.github.com/users/NewKamen/followers,https://api.github.com/users/NewKamen/following{/other_user},https://api.github.com/users/NewKamen/gists{/gist_id},https://api.github.com/users/NewKamen/starred{/owner}{/repo},https://api.github.com/users/NewKamen/subscriptions,https://api.github.com/users/NewKamen/orgs,https://api.github.com/users/NewKamen/repos,https://api.github.com/users/NewKamen/events{/privacy},https://api.github.com/users/NewKamen/received_events,User,False,1
codxer007,47377257,MDQ6VXNlcjQ3Mzc3MjU3,https://avatars.githubusercontent.com/u/47377257?v=4,https://api.github.com/users/codxer007,https://github.com/codxer007,https://api.github.com/users/codxer007/followers,https://api.github.com/users/codxer007/following{/other_user},https://api.github.com/users/codxer007/gists{/gist_id},https://api.github.com/users/codxer007/starred{/owner}{/repo},https://api.github.com/users/codxer007/subscriptions,https://api.github.com/users/codxer007/orgs,https://api.github.com/users/codxer007/repos,https://api.github.com/users/codxer007/events{/privacy},https://api.github.com/users/codxer007/received_events,User,False,1
anomaly-guard,85829654,MDQ6VXNlcjg1ODI5NjU0,https://avatars.githubusercontent.com/u/85829654?v=4,https://api.github.com/users/anomaly-guard,https://github.com/anomaly-guard,https://api.github.com/users/anomaly-guard/followers,https://api.github.com/users/anomaly-guard/following{/other_user},https://api.github.com/users/anomaly-guard/gists{/gist_id},https://api.github.com/users/anomaly-guard/starred{/owner}{/repo},https://api.github.com/users/anomaly-guard/subscriptions,https://api.github.com/users/anomaly-guard/orgs,https://api.github.com/users/anomaly-guard/repos,https://api.github.com/users/anomaly-guard/events{/privacy},https://api.github.com/users/anomaly-guard/received_events,User,False,1
SwiftAdviser,5148967,MDQ6VXNlcjUxNDg5Njc=,https://avatars.githubusercontent.com/u/5148967?v=4,https://api.github.com/users/SwiftAdviser,https://github.com/SwiftAdviser,https://api.github.com/users/SwiftAdviser/followers,https://api.github.com/users/SwiftAdviser/following{/other_user},https://api.github.com/users/SwiftAdviser/gists{/gist_id},https://api.github.com/users/SwiftAdviser/starred{/owner}{/repo},https://api.github.com/users/SwiftAdviser/subscriptions,https://api.github.com/users/SwiftAdviser/orgs,https://api.github.com/users/SwiftAdviser/repos,https://api.github.com/users/SwiftAdviser/events{/privacy},https://api.github.com/users/SwiftAdviser/received_events,User,False,1
shayan-shojaei,68788931,MDQ6VXNlcjY4Nzg4OTMx,https://avatars.githubusercontent.com/u/68788931?v=4,https://api.github.com/users/shayan-shojaei,https://github.com/shayan-shojaei,https://api.github.com/users/shayan-shojaei/followers,https://api.github.com/users/shayan-shojaei/following{/other_user},https://api.github.com/users/shayan-shojaei/gists{/gist_id},https://api.github.com/users/shayan-shojaei/starred{/owner}{/repo},https://api.github.com/users/shayan-shojaei/subscriptions,https://api.github.com/users/shayan-shojaei/orgs,https://api.github.com/users/shayan-shojaei/repos,https://api.github.com/users/shayan-shojaei/events{/privacy},https://api.github.com/users/shayan-shojaei/received_events,User,False,1
krau5,52201020,MDQ6VXNlcjUyMjAxMDIw,https://avatars.githubusercontent.com/u/52201020?v=4,https://api.github.com/users/krau5,https://github.com/krau5,https://api.github.com/users/krau5/followers,https://api.github.com/users/krau5/following{/other_user},https://api.github.com/users/krau5/gists{/gist_id},https://api.github.com/users/krau5/starred{/owner}{/repo},https://api.github.com/users/krau5/subscriptions,https://api.github.com/users/krau5/orgs,https://api.github.com/users/krau5/repos,https://api.github.com/users/krau5/events{/privacy},https://api.github.com/users/krau5/received_events,User,False,1
